Stock, Daily Change, avg low, avg high, Weekly Change, percentage Profit, Highest, Lowest
ABLV, 0.6850001811981201, 3.4649999141693115, 4.150000095367432, 0.13700003623962403, 19.769125488199037, 4.150000095367432, 3.4649999141693115
ABLV, 0.6375000476837158, 6.4649999141693115, 7.740000009536743, 0.25500001907348635, 21.25000158945719, 4.150000095367432, 3.0
